category,name,price,image_url
Риба і Морепродукти,М'ясо креветки 400 г Своя лінія варено-морожене глазуроване,168.50грн/шт,https://src.zakaz.atbmarket.com/cache/photos/11679/catalog_list_11679.jpg
Риба і Морепродукти,Пресерви 170г Своя Лінія м'ясо мідій варене в олії термоформа,47.60грн/шт,https://src.zakaz.atbmarket.com/cache/photos/54181/catalog_list_54181.jpg
Риба і Морепродукти,Лосось 150г Рибкопродукт солений філе без шкіри (смужки)вак/упак,139.30грн/шт,https://src.zakaz.atbmarket.com/cache/photos/37345/catalog_list_37345.jpg
Риба і Морепродукти,"Фарш 0,5 кг Veladis з хека заморожений",55.90грн/шт,https://src.zakaz.atbmarket.com/cache/photos/7202/catalog_list_7202.jpg
Риба і Морепродукти,Крабові палички 240г Своя лінія заморожені,39.30грн/шт,https://src.zakaz.atbmarket.com/cache/photos/54569/catalog_list_54569.jpg
Риба і Морепродукти,Хек філе,216.80грн/кг,https://src.zakaz.atbmarket.com/cache/photos/64015/catalog_list_64015.jpg
Риба і Морепродукти,Крабoві палички 250 г Водний Світ Сніжний краб з м'ясом краба заморожені п/етилен,99.90грн/шт,https://src.zakaz.atbmarket.com/cache/photos/49979/catalog_list_49979.jpg
Риба і Морепродукти,Паста 160г Veladis Ікорна зі шматочками копченої форелі,55.90грн/шт,https://src.zakaz.atbmarket.com/cache/photos/2667/catalog_list_2667.png
Риба і Морепродукти,Масляна 80 г K.I.T х/к скибочки вак/упак,59.90грн/шт,https://src.zakaz.atbmarket.com/cache/photos/80445/catalog_list_80445.jpg
Риба і Морепродукти,Форель 240 г Norven філе-кусок на шкірі,285.90грн/шт,https://src.zakaz.atbmarket.com/cache/photos/54361/catalog_list_54361.png
Риба і Морепродукти,Крабові палички 420 г Водний Світ охолоджені,119.40грн/шт,https://src.zakaz.atbmarket.com/cache/photos/54055/catalog_list_54055.jpg
Риба і Морепродукти,Крабoві палички 200 г Вoдний світ Сніжний краб oхoлoджені карт/упак,67.90грн/шт,https://src.zakaz.atbmarket.com/cache/photos/53649/catalog_list_53649.jpg
Риба і Морепродукти,Креветка 330 г Norven ціла охолоджена варена (20-40) п/конт,166.90грн/шт,https://src.zakaz.atbmarket.com/cache/photos/72563/catalog_list_72563.jpg
Риба і Морепродукти,"Креветки 0,9 кг Розумний Вибір 70/90 варено-морожені глазуровані п/ет",184.30грн/шт,https://src.zakaz.atbmarket.com/cache/photos/60689/catalog_list_60689.png
Риба і Морепродукти,Ікрa 80 г Norven лососевa форелі з/б,328.60грн/шт,https://src.zakaz.atbmarket.com/cache/photos/80363/catalog_list_80363.jpg
Риба і Морепродукти,Плоскирка  Рибниця в'ялена,240.29грн/кг,https://src.zakaz.atbmarket.com/cache/photos/20893/catalog_list_20893.jpg
Риба і Морепродукти,Сьомга Norven охолоджена стейк,767.49грн/кг,https://src.zakaz.atbmarket.com/cache/photos/86645/catalog_list_86645.jpg
Риба і Морепродукти,Пресерви 180г Розумний вибір Оселедець філе-шматочки в олії,47.60грн/шт,https://src.zakaz.atbmarket.com/cache/photos/5514/catalog_list_5514.jpg
Риба і Морепродукти,Мойва  200г K.I.T. х/к термоформа,61.40грн/шт,https://src.zakaz.atbmarket.com/cache/photos/36091/catalog_list_36091.jpg
Риба і Морепродукти,Котлети 400 г Master Fish рибні з червоної риби смажені заморожені,78.60грн/шт,https://src.zakaz.atbmarket.com/cache/photos/11643/catalog_list_11643.jpg
Риба і Морепродукти,Хек тушка,205.99грн/кг,https://src.zakaz.atbmarket.com/cache/photos/87609/catalog_list_87609.jpg
Риба і Морепродукти,Креветка 330 г Norven ціла охолоджена варена п/конт,152.60грн/шт,https://src.zakaz.atbmarket.com/cache/photos/86753/catalog_list_86753.jpg
Риба і Морепродукти,Сьомга 405г Norven охолоджена філе,370.60грн/шт,https://src.zakaz.atbmarket.com/cache/photos/86651/catalog_list_86651.jpg
Риба і Морепродукти,Минтай філе,265.45грн/кг,https://src.zakaz.atbmarket.com/cache/photos/64021/catalog_list_64021.jpg
Риба і Морепродукти,Ікра 110г Своя Лінія Лосось імітована ск/банка,30.90грн/шт,https://src.zakaz.atbmarket.com/cache/photos/60703/catalog_list_60703.png
Риба і Морепродукти,Пресерви 240г Своя Лінія Оселедець філе в олії Матьє термоформа,75.90грн/шт,https://src.zakaz.atbmarket.com/cache/photos/60655/catalog_list_60655.png
Риба і Морепродукти,"Ікра 250 г CAPS FOOD імітована зі смаком Горбуші, дой пак",97.30грн/шт,https://src.zakaz.atbmarket.com/cache/photos/56001/catalog_list_56001.jpg
Риба і Морепродукти,Сьомга 100 г Своя лінія слабосолона скибочками без шкіри 1 гатунок вак/упак,136.90грн/шт,https://src.zakaz.atbmarket.com/cache/photos/54395/catalog_list_54395.png
Риба і Морепродукти,Сьомга 210г Norven слабосолена філе-шматок на шкірі,327.80грн/шт,https://src.zakaz.atbmarket.com/cache/photos/54353/catalog_list_54353.png
Риба і Морепродукти,Форель 180г Своя лінія слабосолона філе-шматок зі шкірою,230.60грн/шт,https://src.zakaz.atbmarket.com/cache/photos/54351/catalog_list_54351.png
Риба і Морепродукти,Пресерви 250г Norven Оселедець філе в олії,94.90грн/шт,https://src.zakaz.atbmarket.com/cache/photos/54345/catalog_list_54345.png
Риба і Морепродукти,Сьомга 180 г Своя лінія слабосолена філе-шматок на шкірі,250.30грн/шт,https://src.zakaz.atbmarket.com/cache/photos/54341/catalog_list_54341.png
Риба і Морепродукти,"Крабові палички 250 г De Luxe Foods&Goods Selected 40%  заморожені п/етилен, , Латвія",68.30грн/шт,https://src.zakaz.atbmarket.com/cache/photos/53797/catalog_list_53797.jpg
Риба і Морепродукти,Паста 180 г Своя Лінія з ікрою океанічної риби та копченою сьомгою ск/банка,61.90грн/шт,https://src.zakaz.atbmarket.com/cache/photos/53711/catalog_list_53711.jpg
Риба і Морепродукти,Паста 160 г Водний Світ з кальмаром та креветками ск/банка,53.40грн/шт,https://src.zakaz.atbmarket.com/cache/photos/53663/catalog_list_53663.jpg
Риба і Морепродукти,Ікра 180 г Водний Світ з скандинавської риби і лососем,72.60грн/шт,https://src.zakaz.atbmarket.com/cache/photos/53661/catalog_list_53661.jpg
Риба і Морепродукти,Салака 200 г Рибниця х/к,48.90грн/шт,https://src.zakaz.atbmarket.com/cache/photos/16522/catalog_list_16522.jpg
Риба і Морепродукти,Лящ Aris в'ялений,263.75грн/кг,https://src.zakaz.atbmarket.com/cache/photos/88221/catalog_list_88221.jpg
Риба і Морепродукти,Салака 120г Aris в'ялена,49.30грн/шт,https://src.zakaz.atbmarket.com/cache/photos/88219/catalog_list_88219.jpg
Риба і Морепродукти,Корюшка 90г Аris в'ялена,70.60грн/шт,https://src.zakaz.atbmarket.com/cache/photos/88215/catalog_list_88215.jpg
Риба і Морепродукти,Плітка (плотва) Aris в'ялена,438.99грн/кг,https://src.zakaz.atbmarket.com/cache/photos/88213/catalog_list_88213.jpg
Риба і Морепродукти,Креветки 280г Norven арктичні варені охолоджені цілі п/конт,124.60грн/шт,https://src.zakaz.atbmarket.com/cache/photos/87689/catalog_list_87689.jpg
Риба і Морепродукти,Пресерва 180 г Оселедець Водний світ філе б/ш в розсолі пл/упак,65.90грн/шт,https://src.zakaz.atbmarket.com/cache/photos/87669/catalog_list_87669.jpg
Риба і Морепродукти,Горбуша Norven філе порції н/ш с/м п/ет,395.39грн/кг,https://src.zakaz.atbmarket.com/cache/photos/87627/catalog_list_87627.jpg
Риба і Морепродукти,"Мойва 0,7 кг Norven с/м п/ет",103.80грн/шт,https://src.zakaz.atbmarket.com/cache/photos/87603/catalog_list_87603.jpg
Риба і Морепродукти,Пресерва 210г Norven оселедець -шматочки в олії пл/лоток,101.90грн/шт,https://src.zakaz.atbmarket.com/cache/photos/86919/catalog_list_86919.jpg
Риба і Морепродукти,Морський коктейль 300 г Norven охолоджений варений по середземноморському,158.90грн/шт,https://src.zakaz.atbmarket.com/cache/photos/84655/catalog_list_84655.jpg
Риба і Морепродукти,Пресерви 170г Norven мідії в розсолі термоформа,58.40грн/шт,https://src.zakaz.atbmarket.com/cache/photos/84647/catalog_list_84647.jpg
Риба і Морепродукти,Ікра 95 г Alaska Wild нерки солона з/б,269.90грн/шт,https://src.zakaz.atbmarket.com/cache/photos/83383/catalog_list_83383.jpg
Риба і Морепродукти,Оселедець Рибниця сл/сол 300+ вак/упак,237.99грн/кг,https://src.zakaz.atbmarket.com/cache/photos/82309/catalog_list_82309.jpg
Риба і Морепродукти,М'ясо мідій 350 г Своя Лінія варено-морожене в глазурі с/м вак/упак,109.90грн/шт,https://src.zakaz.atbmarket.com/cache/photos/81615/catalog_list_81615.jpg
Риба і Морепродукти,Скумбрія 300-500 Рибниця б/г с/с вак/упак,395.99грн/кг,https://src.zakaz.atbmarket.com/cache/photos/80535/catalog_list_80535.jpg
Риба і Морепродукти,Салат 250 г K.I.T морська капуста з морепродуктами та овочами в олії термоформа,57.40грн/шт,https://src.zakaz.atbmarket.com/cache/photos/80485/catalog_list_80485.jpg
Риба і Морепродукти,Пресерви 200г K.I.T. Лосось слабосолоний філе-шматочки в олії термоформа,132.90грн/шт,https://src.zakaz.atbmarket.com/cache/photos/79751/catalog_list_79751.jpg
Риба і Морепродукти,Рибна нарізка 60 г K.I.T Сьомга с/с вак/упак,98.90грн/шт,https://src.zakaz.atbmarket.com/cache/photos/79743/catalog_list_79743.jpg
Риба і Морепродукти,Пресерви 100г Norven креветки вар. чищ.б/х термоформа,117.40грн/шт,https://src.zakaz.atbmarket.com/cache/photos/79595/catalog_list_79595.jpg
Риба і Морепродукти,Масляна 150г K.I.T філе-шматок х/к н/ш в/у,130.30грн/шт,https://src.zakaz.atbmarket.com/cache/photos/76181/catalog_list_76181.jpg
Риба і Морепродукти,Ікра 160 г Norven атлантичних риб з креветкою в соусі ск/банка,64.90грн/шт,https://src.zakaz.atbmarket.com/cache/photos/75973/catalog_list_75973.jpg
Риба і Морепродукти,"Фарш 0,5 кг Veladis лососевий заморожений",71.70грн/шт,https://src.zakaz.atbmarket.com/cache/photos/72359/catalog_list_72359.jpg
Риба і Морепродукти,Форель 120 г K.I.T скибочки х/к в/у,189.30грн/шт,https://src.zakaz.atbmarket.com/cache/photos/67627/catalog_list_67627.jpg
Риба і Морепродукти,Скумбрія 300-500 Рибниця б/г х/к вак/упак,424.45грн/кг,https://src.zakaz.atbmarket.com/cache/photos/66317/catalog_list_66317.jpg
Риба і Морепродукти,"Креветки 0,9 кг Розумний вибір варено-морожені глазуровані 90/120 п/етилен",206.70грн/шт,https://src.zakaz.atbmarket.com/cache/photos/60691/catalog_list_60691.png
Риба і Морепродукти,Морський коктейль 400 г Своя Лінія глазурований с/м вак/упак,165.70грн/шт,https://src.zakaz.atbmarket.com/cache/photos/57337/catalog_list_57337.png
Риба і Морепродукти,Горбуша 200г K.I.T стейк нарізка х/к в/у,140.30грн/шт,https://src.zakaz.atbmarket.com/cache/photos/57291/catalog_list_57291.png
Риба і Морепродукти,Ікра 100г Водний Світ Мойви пробійна,78.50грн/шт,https://src.zakaz.atbmarket.com/cache/photos/57251/catalog_list_57251.png
Риба і Морепродукти,Лосось 340г Norven порції б/ш с/м п/ет,420.90грн/шт,https://src.zakaz.atbmarket.com/cache/photos/56093/catalog_list_56093.jpg
Риба і Морепродукти,Ікорка 160 г Водний Світ продукт з ікрою мойви і м'ясом криля пастеризований ск/банка,64.00грн/шт,https://src.zakaz.atbmarket.com/cache/photos/56009/catalog_list_56009.jpg
Риба і Морепродукти,Ікорка 160 г Водний світ продукт з ікрою мойви і крабовим м'ясом пастеризований ск/банка,61.90грн/шт,https://src.zakaz.atbmarket.com/cache/photos/56007/catalog_list_56007.jpg
Риба і Морепродукти,"Креветки 0,7 кг Norven Vannamei варено-морожені глазуровані п/етилен",258.70грн/шт,https://src.zakaz.atbmarket.com/cache/photos/55985/catalog_list_55985.jpg
Риба і Морепродукти,Пресерви 200г Своя Лінія Морський коктейль з морепродуктів в олії терморформа,98.40грн/шт,https://src.zakaz.atbmarket.com/cache/photos/54729/catalog_list_54729.jpg
Риба і Морепродукти,Пресерви 500 г AQUAVITA оселедець слабосолоний шматочки в олії п/упак,180.90грн/шт,https://src.zakaz.atbmarket.com/cache/photos/54607/catalog_list_54607.png
Риба і Морепродукти,Пресерви 180г Своя лінія Оселедець філе-шматочки в олії з ароматом духмяних трав,65.90грн/шт,https://src.zakaz.atbmarket.com/cache/photos/54583/catalog_list_54583.png
Риба і Морепродукти,Крабові палички 240г Своя Лiнiя охолоджені,53.60грн/шт,https://src.zakaz.atbmarket.com/cache/photos/54581/catalog_list_54581.png
Риба і Морепродукти,Крабові палички 240г Розумний вибір заморожені,41.40грн/шт,https://src.zakaz.atbmarket.com/cache/photos/54571/catalog_list_54571.png
Риба і Морепродукти,Пресерви 180 г Своя лінія Оселедець пряно-пікантний філе-шматочки в олії п/банка ( Аквафрост),61.90грн/шт,https://src.zakaz.atbmarket.com/cache/photos/54391/catalog_list_54391.png
Риба і Морепродукти,Пресерви 460 г Norven Оселедець в олії,180.80грн/шт,https://src.zakaz.atbmarket.com/cache/photos/54359/catalog_list_54359.png
Риба і Морепродукти,Пресерви 300г Своя лінія Оселедець філе-шматочки в олії,95.70грн/шт,https://src.zakaz.atbmarket.com/cache/photos/54349/catalog_list_54349.png
Риба і Морепродукти,Паста 180 г Своя Лінія з ікрою океанічної риби та креветками ск/банка,61.90грн/шт,https://src.zakaz.atbmarket.com/cache/photos/54147/catalog_list_54147.jpg
Риба і Морепродукти,Хек Хубсі Kramline тушка 80-250 с/м п/ет,214.95грн/кг,https://src.zakaz.atbmarket.com/cache/photos/54083/catalog_list_54083.jpg
Риба і Морепродукти,Крабові палички 250 г Водний Світ охолоджені,92.30грн/шт,https://src.zakaz.atbmarket.com/cache/photos/54053/catalog_list_54053.jpg
Риба і Морепродукти,Крабові палички 250 г Водний світ заморожені,83.90грн/шт,https://src.zakaz.atbmarket.com/cache/photos/54051/catalog_list_54051.jpg
Риба і Морепродукти,"Крабові палички 250 г De Luxe Foods&Goods Selected 40%  охолоджені п/етилен, , Латвія",68.30грн/шт,https://src.zakaz.atbmarket.com/cache/photos/53799/catalog_list_53799.jpg
Риба і Морепродукти,"Крабові палички 500 г De Luxe Foods&Goods Selected 40%  заморожені п/етилен, Латвія",125.90грн/шт,https://src.zakaz.atbmarket.com/cache/photos/53795/catalog_list_53795.jpg
Риба і Морепродукти,Крабові палички 520 г Водний Світ заморожені,170.30грн/шт,https://src.zakaz.atbmarket.com/cache/photos/53653/catalog_list_53653.jpg
Риба і Морепродукти,Асорті з морепродуктів 400г Norven охолоджене варене п/конт,251.90грн/шт,https://src.zakaz.atbmarket.com/cache/photos/50163/catalog_list_50163.jpg
Риба і Морепродукти,"Пресерви 270 г Veladis Оселедець філе ""Козацький"" в олії пл/уп",94.80грн/шт,https://src.zakaz.atbmarket.com/cache/photos/37833/catalog_list_37833.jpg
Риба і Морепродукти,Креветка 170 г Norven очищена охолоджена варена з соусом,147.70грн/шт,https://src.zakaz.atbmarket.com/cache/photos/35929/catalog_list_35929.jpg
Риба і Морепродукти,Пресерви 180г Своя лінія Оселедець філе-шматочки в олії,61.90грн/шт,https://src.zakaz.atbmarket.com/cache/photos/34139/catalog_list_34139.jpg
Риба і Морепродукти,"Крабові палички 0,5 кг Своя лінія заморожені",94.80грн/шт,https://src.zakaz.atbmarket.com/cache/photos/33199/catalog_list_33199.jpg
Риба і Морепродукти,"Крабові палички 0,5 кг Своя лінія охолоджені",108.70грн/шт,https://src.zakaz.atbmarket.com/cache/photos/33185/catalog_list_33185.jpg
Риба і Морепродукти,Ікрa 100 г Рибкоппродукт лососевa Зернистa горбуші з/б,402.20грн/шт,https://src.zakaz.atbmarket.com/cache/photos/32705/catalog_list_32705.jpg
Риба і Морепродукти,Дорада Norven охолоджена патрана,548.49грн/кг,https://src.zakaz.atbmarket.com/cache/photos/32635/catalog_list_32635.jpg
Риба і Морепродукти,Пресерви 200г Своя Лінія м'ясо мідій в олії з прянощами,69.90грн/шт,https://src.zakaz.atbmarket.com/cache/photos/14159/catalog_list_14159.jpg
Риба і Морепродукти,Ікра 100 г Veladis минтая пробійна слабосолена,74.70грн/шт,https://src.zakaz.atbmarket.com/cache/photos/13327/catalog_list_13327.jpg
Риба і Морепродукти,Ікра 100 г Veladis тріски пробійна слабосолена,74.80грн/шт,https://src.zakaz.atbmarket.com/cache/photos/12117/catalog_list_12117.jpg
Риба і Морепродукти,"Креветки 0,9 кг Своя Лінія нерозібрані варено-морожені глазуровані 90/120",264.20грн/шт,https://src.zakaz.atbmarket.com/cache/photos/12115/catalog_list_12115.jpg
Риба і Морепродукти,"Креветки 0,9 кг Своя Лінія нерозібрані варено-морожені глазуровані 70/90",258.90грн/шт,https://src.zakaz.atbmarket.com/cache/photos/12114/catalog_list_12114.jpg
Риба і Морепродукти,Набір для супу із червоної риби,88.95грн/кг,https://src.zakaz.atbmarket.com/cache/photos/11642/catalog_list_11642.jpg
Риба і Морепродукти,Скумбрія 300-500 Ісландія (Айсберг),235.49грн/кг,https://src.zakaz.atbmarket.com/cache/photos/7277/catalog_list_7277.jpg
Риба і Морепродукти,Ікра 100г Veladis Pate тріски,59.90грн/шт,https://src.zakaz.atbmarket.com/cache/photos/2777/catalog_list_2777.png
Хлібобулочні вироби,Трубочка 85г Зі смаком вишні та ванілі (F) без/уп ГП,14.50грн/шт,https://src.zakaz.atbmarket.com/cache/photos/60621/catalog_list_60621.png
Хлібобулочні вироби,Міні з абрикосом (Ф) бeз/уп ГП,165.89грн/кг,https://src.zakaz.atbmarket.com/cache/photos/72573/catalog_list_72573.jpg
Хлібобулочні вироби,Міні з куpкoю та гpибами,208.49грн/кг,https://src.zakaz.atbmarket.com/cache/photos/5124/catalog_list_5124.jpg
Хлібобулочні вироби,Хлібці рисові 65 г Sonko глазуровані молочним шоколадом м/уп,40.40грн/шт,https://src.zakaz.atbmarket.com/cache/photos/86707/catalog_list_86707.png
Хлібобулочні вироби,Сухарі 200г Розумний Вибір панірувальні,10.30грн/шт,https://src.zakaz.atbmarket.com/cache/photos/2329/catalog_list_2329.jpg
Хлібобулочні вироби,Рoлліні 95г з бpинзoю та шпинатoм,19.50грн/шт,https://src.zakaz.atbmarket.com/cache/photos/8272/catalog_list_8272.jpg
Хлібобулочні вироби,Сирна паличка 85г (Ф) без/уп ГП,15.50грн/шт,https://src.zakaz.atbmarket.com/cache/photos/60675/catalog_list_60675.png
Хлібобулочні вироби,Мафін 90г З шоколадним смаком,21.50грн/шт,https://src.zakaz.atbmarket.com/cache/photos/60523/catalog_list_60523.png
Хлібобулочні вироби,Хачапурі 85 г з сулугуні (Ф) без/уп ГП,22.50грн/шт,https://src.zakaz.atbmarket.com/cache/photos/72575/catalog_list_72575.jpg
Хлібобулочні вироби,Донатс 75г з начинкою зі смаком лісового горіху та какао глазур'ю (L) б/уп Чехія ГП,26.90грн/шт,https://src.zakaz.atbmarket.com/cache/photos/88249/catalog_list_88249.jpg
Хлібобулочні вироби,Сушка 250 г БКК Білосніжка глазурована м/уп,25.90грн/шт,https://src.zakaz.atbmarket.com/cache/photos/76141/catalog_list_76141.jpg
Хлібобулочні вироби,"Вафлі 85г Своя лінія Wafers солоні з томат і базил, з паприк чилі та часник, зі шпинат та циб к/уп",23.30грн/шт,https://src.zakaz.atbmarket.com/cache/photos/51173/catalog_list_51173.jpg
Хлібобулочні вироби,Хлібці 100г Для Вас Ржані,14.30грн/шт,https://src.zakaz.atbmarket.com/cache/photos/55/catalog_list_55.jpg
Хлібобулочні вироби,Сінабон 130г З корицею (Ф) бeз/уп ГП,42.50грн/шт,https://src.zakaz.atbmarket.com/cache/photos/60609/catalog_list_60609.png
Хлібобулочні вироби,Соломка 100 г БКК Хрумтик солодка,12.20грн/шт,https://src.zakaz.atbmarket.com/cache/photos/24921/catalog_list_24921.jpg
Хлібобулочні вироби,Ковбаска 113 г в тісті з майoнeзoм та кeтчупoм (Ф) бeз/уп ГП,28.50грн/шт,https://src.zakaz.atbmarket.com/cache/photos/60679/catalog_list_60679.png
Хлібобулочні вироби,Соломка 80г Розумний вибір Формула солона,8.60грн/шт,https://src.zakaz.atbmarket.com/cache/photos/2441/catalog_list_2441.jpg
Хлібобулочні вироби,Тарталeтка 138 г День у День пiсoчна м/уп,36.90грн/шт,https://src.zakaz.atbmarket.com/cache/photos/82187/catalog_list_82187.jpg
Хлібобулочні вироби,Булoчка 120 г ХЛІБО французький Хoт-Дoг 2 шт з отвором п/ет,18.90грн/шт,https://src.zakaz.atbmarket.com/cache/photos/72717/catalog_list_72717.jpg
Хлібобулочні вироби,Чіабатта 155г,20.90грн/шт,https://src.zakaz.atbmarket.com/cache/photos/47279/catalog_list_47279.jpg
Хлібобулочні вироби,Хліб 425г Львівський Заваpний Класичний,33.90грн/шт,https://src.zakaz.atbmarket.com/cache/photos/60495/catalog_list_60495.png
Хлібобулочні вироби,Булочка 180 г День у День Хот Дог Максі з кунжутом п/ет,18.40грн/шт,https://src.zakaz.atbmarket.com/cache/photos/86775/catalog_list_86775.jpg
Хлібобулочні вироби,Піца 150г з салямі та гpибами,30.90грн/шт,https://src.zakaz.atbmarket.com/cache/photos/8277/catalog_list_8277.jpg
Хлібобулочні вироби,Сухарі 240г Розумний вибір Гірчичне поле,25.80грн/шт,https://src.zakaz.atbmarket.com/cache/photos/2887/catalog_list_2887.jpg
Хлібобулочні вироби,Лаваш 230г Своя Лінія зi шпинатoм п/eт (КХ),19.70грн/шт,https://src.zakaz.atbmarket.com/cache/photos/86743/catalog_list_86743.jpg
Хлібобулочні вироби,Булочка 200 г День у День Бутеpбpодна Гамбуpгеp з кунжутом п/ет,21.50грн/шт,https://src.zakaz.atbmarket.com/cache/photos/86771/catalog_list_86771.jpg
Хлібобулочні вироби,Пиpіжок 75 г Рома з малиною п/ет,10.90грн/шт,https://src.zakaz.atbmarket.com/cache/photos/83353/catalog_list_83353.jpg
Хлібобулочні вироби,Пиpіжок 85 г Рома з шоколадом п/ет,13.00грн/шт,https://src.zakaz.atbmarket.com/cache/photos/83351/catalog_list_83351.jpg
Хлібобулочні вироби,Пиpіжок 75 г Рома з полуницею п/ет,11.50грн/шт,https://src.zakaz.atbmarket.com/cache/photos/83349/catalog_list_83349.jpg
Хлібобулочні вироби,Пиpіжок 75 г Рома з маком п/ет,11.30грн/шт,https://src.zakaz.atbmarket.com/cache/photos/83347/catalog_list_83347.jpg
Хлібобулочні вироби,Вафeльнi кoржi 70г День у День для тoрту м/у,26.90грн/шт,https://src.zakaz.atbmarket.com/cache/photos/82183/catalog_list_82183.jpg
Хлібобулочні вироби,Тортилья 240г Своя Лінія пшенична п/ет,45.90грн/шт,https://src.zakaz.atbmarket.com/cache/photos/79973/catalog_list_79973.jpg
Хлібобулочні вироби,"Хліб 0,65 кг Кулиничі Західний нарізаний ж/пш п/ет",29.90грн/шт,https://src.zakaz.atbmarket.com/cache/photos/62627/catalog_list_62627.jpg
Хлібобулочні вироби,"Хліб 0,5 кг Кулиничі Гетьманський нарізаний пш п/ет",21.70грн/шт,https://src.zakaz.atbmarket.com/cache/photos/62147/catalog_list_62147.jpg
Хлібобулочні вироби,Паті 130г з вишнею та заварним кремом  (Ю) без/уп ГП,33.50грн/шт,https://src.zakaz.atbmarket.com/cache/photos/60605/catalog_list_60605.png
Хлібобулочні вироби,Плюшка 170г  З цукром,23.90грн/шт,https://src.zakaz.atbmarket.com/cache/photos/60555/catalog_list_60555.png
Хлібобулочні вироби,Трикутник 90г З солодким сиром,21.40грн/шт,https://src.zakaz.atbmarket.com/cache/photos/60535/catalog_list_60535.png
Хлібобулочні вироби,Лаваш 230 г Своя Лінія Вiрмeнський тoнкий п/eт (КХ),19.90грн/шт,https://src.zakaz.atbmarket.com/cache/photos/59511/catalog_list_59511.jpg
Хлібобулочні вироби,Ролліні 95 г з курячим м'ясом (Ю) без/уп ГП,29.50грн/шт,https://src.zakaz.atbmarket.com/cache/photos/47351/catalog_list_47351.jpg
Хлібобулочні вироби,Чіабатта 160г з сиpoм,29.90грн/шт,https://src.zakaz.atbmarket.com/cache/photos/47281/catalog_list_47281.jpg
Хлібобулочні вироби,Хлібці 110 г Tasty Style хрусткі гречані,31.40грн/шт,https://src.zakaz.atbmarket.com/cache/photos/37767/catalog_list_37767.jpg
Хлібобулочні вироби,Хлібці 110 г Tasty Style хрусткі рисові,28.90грн/шт,https://src.zakaz.atbmarket.com/cache/photos/37765/catalog_list_37765.jpg
Хлібобулочні вироби,Хліб 400 г Agrola Трипільський нарізаний ж/пш п/ет,29.50грн/шт,https://src.zakaz.atbmarket.com/cache/photos/34131/catalog_list_34131.jpg
Хлібобулочні вироби,Сушки 250г БКК П’ятачок,30.30грн/шт,https://src.zakaz.atbmarket.com/cache/photos/18977/catalog_list_18977.jpg
Хлібобулочні вироби,Круасан 210г Лігос з начинкою зі смаком згущеного молока,42.90грн/шт,https://src.zakaz.atbmarket.com/cache/photos/18585/catalog_list_18585.jpg
Хлібобулочні вироби,"Донатc 71г з начинкою з заварним кремом, Чехія",26.50грн/шт,https://src.zakaz.atbmarket.com/cache/photos/8334/catalog_list_8334.jpg
Хлібобулочні вироби,Хліб 290г Пшеничний бездріжджовий,42.30грн/шт,https://src.zakaz.atbmarket.com/cache/photos/8317/catalog_list_8317.jpg
Хлібобулочні вироби,Багeт 105г Фpанцузький міні б/уп Румунія,19.90грн/шт,https://src.zakaz.atbmarket.com/cache/photos/8286/catalog_list_8286.jpg
Хлібобулочні вироби,Хліб 350г Агробізнес Зерновий на заквасці половинка нарізний,29.90грн/шт,https://src.zakaz.atbmarket.com/cache/photos/6387/catalog_list_6387.jpg
Хлібобулочні вироби,Батон 350г Кулиничі Фантазія нарізанний,21.60грн/шт,https://src.zakaz.atbmarket.com/cache/photos/5602/catalog_list_5602.jpg
Хлібобулочні вироби,Піца 145г Шинка та гpиби,40.50грн/шт,https://src.zakaz.atbmarket.com/cache/photos/5129/catalog_list_5129.jpg
Хлібобулочні вироби,Сoсиска 119г в тісті з майoнeзoм та кeтчупoм,27.90грн/шт,https://src.zakaz.atbmarket.com/cache/photos/5128/catalog_list_5128.jpg
Хлібобулочні вироби,Соломка 80г Розумний вибір солодка,10.10грн/шт,https://src.zakaz.atbmarket.com/cache/photos/2291/catalog_list_2291.jpg
Хлібобулочні вироби,Батон 450г Агробізнес Молочний нарізаний,22.90грн/шт,https://src.zakaz.atbmarket.com/cache/photos/1477/catalog_list_1477.jpg
Хлібобулочні вироби,Хліб 400г Агробізнес Слов’янський заварний різаний,20.90грн/шт,https://src.zakaz.atbmarket.com/cache/photos/590/catalog_list_590.jpg
Хлібобулочні вироби,Круасан 210г Лігос з начинкою зі смаком шоколаду,42.90грн/шт,https://src.zakaz.atbmarket.com/cache/photos/539/catalog_list_539.jpg
Хлібобулочні вироби,Круасан 210г Лігос з начинкою зі смаком вишні,42.90грн/шт,https://src.zakaz.atbmarket.com/cache/photos/538/catalog_list_538.jpg
Хлібобулочні вироби,Круасан 75г Агробізнес з вишневою начинкою,12.20грн/шт,https://src.zakaz.atbmarket.com/cache/photos/315/catalog_list_315.jpg
Хлібобулочні вироби,Круасан 75г Агробізнес з шоколадною начинкою,12.20грн/шт,https://src.zakaz.atbmarket.com/cache/photos/314/catalog_list_314.jpg
Хлібобулочні вироби,Хліб 420г Агробізнес Зерновий,29.90грн/шт,https://src.zakaz.atbmarket.com/cache/photos/312/catalog_list_312.jpg
Хлібобулочні вироби,Батон 400г Агробізнес Нарізний нарізаний,19.90грн/шт,https://src.zakaz.atbmarket.com/cache/photos/310/catalog_list_310.jpg
Хлібобулочні вироби,"Хліб 0,6 кг Агробізнес Білий посипаний маком різаний",24.40грн/шт,https://src.zakaz.atbmarket.com/cache/photos/308/catalog_list_308.jpg
Хлібобулочні вироби,"Донатс 70г з начинкою, з білою глазур'ю посипаний крихтами печива (L) б/уп Чехія ГП",33.50грн/шт,https://src.zakaz.atbmarket.com/cache/photos/88253/catalog_list_88253.jpg
Хлібобулочні вироби,Хлібці 100 г Livity цільнозернові з коричневого рису з морскою сіллю / 12 супернасінин м/уп Болгарія,36.20грн/шт,https://src.zakaz.atbmarket.com/cache/photos/86763/catalog_list_86763.jpg
Хлібобулочні вироби,Сухарі 260 г Хрустко Київські,42.80грн/шт,https://src.zakaz.atbmarket.com/cache/photos/86667/catalog_list_86667.jpg
Хлібобулочні вироби,Вафельний кошик 22 г День у День м/уп,17.50грн/шт,https://src.zakaz.atbmarket.com/cache/photos/82189/catalog_list_82189.jpg
Хлібобулочні вироби,Вафeльні кoржі 50 г День у День Бризолі м/уп,27.90грн/шт,https://src.zakaz.atbmarket.com/cache/photos/82185/catalog_list_82185.jpg
Хлібобулочні вироби,Вафeльнi кoржi 70 г День у День Чарівні кольори м/уп,31.40грн/шт,https://src.zakaz.atbmarket.com/cache/photos/82181/catalog_list_82181.jpg
Хлібобулочні вироби,Булoчкa 90 г Агpoбізнеc Здоба з кокосовою начинкою п/eт,15.30грн/шт,https://src.zakaz.atbmarket.com/cache/photos/81681/catalog_list_81681.jpg
Хлібобулочні вироби,Булoчкa 90 г Агpoбізнеc Здоба з шоколадною начинкою п/eт,15.30грн/шт,https://src.zakaz.atbmarket.com/cache/photos/81679/catalog_list_81679.jpeg
Хлібобулочні вироби,Здоба 90 г Агробізнес з вишнею,15.30грн/шт,https://src.zakaz.atbmarket.com/cache/photos/81675/catalog_list_81675.jpeg
Хлібобулочні вироби,Міні-хлібці 90 г Trapeza пшеничні зі смаком cиру та зі смаком Томатів і Базиліку м/уп,32.90грн/шт,https://src.zakaz.atbmarket.com/cache/photos/76619/catalog_list_76619.jpg
Хлібобулочні вироби,Сухарі 260 г Хрустко Київські,42.80грн/шт,https://src.zakaz.atbmarket.com/cache/photos/86667/catalog_list_86667.jpg
Хлібобулочні вироби,Вафельний кошик 22 г День у День м/уп,17.50грн/шт,https://src.zakaz.atbmarket.com/cache/photos/82189/catalog_list_82189.jpg
Хлібобулочні вироби,Вафeльні кoржі 50 г День у День Бризолі м/уп,27.90грн/шт,https://src.zakaz.atbmarket.com/cache/photos/82185/catalog_list_82185.jpg
Хлібобулочні вироби,Вафeльнi кoржi 70 г День у День Чарівні кольори м/уп,31.40грн/шт,https://src.zakaz.atbmarket.com/cache/photos/82181/catalog_list_82181.jpg
Хлібобулочні вироби,Булoчкa 90 г Агpoбізнеc Здоба з кокосовою начинкою п/eт,15.30грн/шт,https://src.zakaz.atbmarket.com/cache/photos/81681/catalog_list_81681.jpg
Хлібобулочні вироби,Булoчкa 90 г Агpoбізнеc Здоба з шоколадною начинкою п/eт,15.30грн/шт,https://src.zakaz.atbmarket.com/cache/photos/81679/catalog_list_81679.jpeg
Хлібобулочні вироби,Здоба 90 г Агробізнес з вишнею,15.30грн/шт,https://src.zakaz.atbmarket.com/cache/photos/81675/catalog_list_81675.jpeg
Хлібобулочні вироби,Міні-хлібці 90 г Trapeza пшеничні зі смаком cиру та зі смаком Томатів і Базиліку м/уп,32.90грн/шт,https://src.zakaz.atbmarket.com/cache/photos/76619/catalog_list_76619.jpg
Хлібобулочні вироби,Сушки 300 г БКК Човничок ванільні м/уп,32.50грн/шт,https://src.zakaz.atbmarket.com/cache/photos/76143/catalog_list_76143.jpg
Хлібобулочні вироби,Пекач 70 г з капустою (Ф) без/уп ГП,15.90грн/шт,https://src.zakaz.atbmarket.com/cache/photos/72543/catalog_list_72543.jpg
Хлібобулочні вироби,Пекач 70 г з картоплею (Ф) без/уп ГП,14.50грн/шт,https://src.zakaz.atbmarket.com/cache/photos/72541/catalog_list_72541.jpg
Хлібобулочні вироби,Булка 350 г Кpиcтинопіль хліб Вертута з маком та вишнями п/ет,37.80грн/шт,https://src.zakaz.atbmarket.com/cache/photos/70717/catalog_list_70717.jpg
Хлібобулочні вироби,"Хліб 0,5 кг Агробізнес Галицький нарізаний ж/пш п/ет",24.90грн/шт,https://src.zakaz.atbmarket.com/cache/photos/70711/catalog_list_70711.jpg
Хлібобулочні вироби,Хліб 350 г Agrola Домашній світлий нарізаний пш п/ет,22.60грн/шт,https://src.zakaz.atbmarket.com/cache/photos/70707/catalog_list_70707.jpg
Хлібобулочні вироби,Хліб 450 г Кулиничі Домашній половинка нарізаний 1г+2г п/ет,25.70грн/шт,https://src.zakaz.atbmarket.com/cache/photos/70507/catalog_list_70507.jpg
Хлібобулочні вироби,Батон 350 г Кулиничі Нива нарізаний в/г п/ет,18.50грн/шт,https://src.zakaz.atbmarket.com/cache/photos/70505/catalog_list_70505.jpg
Хлібобулочні вироби,Хліб 300 г Кулиничі бездріжджовий ж/пш п/ет,24.90грн/шт,https://src.zakaz.atbmarket.com/cache/photos/62625/catalog_list_62625.jpg
Хлібобулочні вироби,Трубочка 85г Яблуко-кориця (F) без/уп ГП,16.90грн/шт,https://src.zakaz.atbmarket.com/cache/photos/60623/catalog_list_60623.png
Хлібобулочні вироби,Сінабон 130г З абрикосом (Ф) бeз/уп ГП,51.50грн/шт,https://src.zakaz.atbmarket.com/cache/photos/60607/catalog_list_60607.png
Хлібобулочні вироби,Трубочка 100г З полуницею (Ф) бeз/уп ГП,24.80грн/шт,https://src.zakaz.atbmarket.com/cache/photos/60561/catalog_list_60561.png
Хлібобулочні вироби,Хліб 290г Пшенично-житній бездріжджовий,43.90грн/шт,https://src.zakaz.atbmarket.com/cache/photos/60557/catalog_list_60557.png
Хлібобулочні вироби,Хліб 300г Фінський,42.90грн/шт,https://src.zakaz.atbmarket.com/cache/photos/60497/catalog_list_60497.png
Хлібобулочні вироби,Лаваш 230 г Своя Лінія цільнозерновий п/eт (КХ),22.90грн/шт,https://src.zakaz.atbmarket.com/cache/photos/59513/catalog_list_59513.jpg
Хлібобулочні вироби,Хліб 300 г Agrola Український пшенично-житній бездріжджовий п/ет,26.70грн/шт,https://src.zakaz.atbmarket.com/cache/photos/59443/catalog_list_59443.jpg
Хлібобулочні вироби,Донатc 73г з полуничною начинкою та шоколадним покриттям (L) б/уп ГП,33.50грн/шт,https://src.zakaz.atbmarket.com/cache/photos/51261/catalog_list_51261.jpg
Хлібобулочні вироби,Туба 83г Курка сметана (Ф) бeз/уп ГП,23.90грн/шт,https://src.zakaz.atbmarket.com/cache/photos/47355/catalog_list_47355.jpg
Хлібобулочні вироби,Мафін  95г З ванільним смаком та вишневою начинкою,26.90грн/шт,https://src.zakaz.atbmarket.com/cache/photos/47299/catalog_list_47299.jpg
Хлібобулочні вироби,Рoлліні 95г з тeлятинoю,29.40грн/шт,https://src.zakaz.atbmarket.com/cache/photos/47277/catalog_list_47277.jpg
Хлібобулочні вироби,Хлібці 110 г Tasty Style вівсяно-перлові з насінням льону,28.90грн/шт,https://src.zakaz.atbmarket.com/cache/photos/37769/catalog_list_37769.jpg
Хлібобулочні вироби,Батон 350 г Теремно Запашний в/г п/ет,18.80грн/шт,https://src.zakaz.atbmarket.com/cache/photos/36109/catalog_list_36109.jpg
Хлібобулочні вироби,Хліб 450 г Теремно Покровський ж/пш п/ет,25.80грн/шт,https://src.zakaz.atbmarket.com/cache/photos/36057/catalog_list_36057.jpg
Хлібобулочні вироби,Сушки 300г Розумний вибір Малятко,31.90грн/шт,https://src.zakaz.atbmarket.com/cache/photos/35895/catalog_list_35895.jpg
Хлібобулочні вироби,Хлібні палички 150г Лагода Міні гріссіні глазуровані з ароматом ванілі м/уп,33.60грн/шт,https://src.zakaz.atbmarket.com/cache/photos/29621/catalog_list_29621.jpg
Хлібобулочні вироби,Соломка 200 г Піколо солодка,25.30грн/шт,https://src.zakaz.atbmarket.com/cache/photos/25573/catalog_list_25573.jpg
Хлібобулочні вироби,Соломка 200 г Піколо солена,23.70грн/шт,https://src.zakaz.atbmarket.com/cache/photos/25571/catalog_list_25571.jpg
Хлібобулочні вироби,Сушки 340 г Київхліб здобні з ваніліном,39.40грн/шт,https://src.zakaz.atbmarket.com/cache/photos/25349/catalog_list_25349.jpg
Хлібобулочні вироби,Рoлліні 95г з вишнeю,29.20грн/шт,https://src.zakaz.atbmarket.com/cache/photos/8281/catalog_list_8281.jpg
Хлібобулочні вироби,Хліб 280г Швeдський,45.90грн/шт,https://src.zakaz.atbmarket.com/cache/photos/8276/catalog_list_8276.jpg
Хлібобулочні вироби,"Хліб 0,65 кг Agrola Курортний йодований овальний нарізаний",33.70грн/шт,https://src.zakaz.atbmarket.com/cache/photos/5797/catalog_list_5797.jpg
Хлібобулочні вироби,Пиpіг 138г ситний Шинка-сиp,34.90грн/шт,https://src.zakaz.atbmarket.com/cache/photos/5127/catalog_list_5127.jpg
Хлібобулочні вироби,Міні з м’яснoю начинкoю,257.99грн/кг,https://src.zakaz.atbmarket.com/cache/photos/5125/catalog_list_5125.jpg
Хлібобулочні вироби,Хлібці 75г Лавка Здоров'я Хрусткі дієтичні пшенично-вівсяні,13.50грн/шт,https://src.zakaz.atbmarket.com/cache/photos/2495/catalog_list_2495.jpg
Хлібобулочні вироби,Хлібці 100г Для Вас Класичні,17.40грн/шт,https://src.zakaz.atbmarket.com/cache/photos/1881/catalog_list_1881.jpg
Хлібобулочні вироби,Булочка 110г Agrola Кайзер з кунжутом,17.60грн/шт,https://src.zakaz.atbmarket.com/cache/photos/1507/catalog_list_1507.jpg
Хлібобулочні вироби,Хліб 400г Agrola Львів Заварний з соняшниковим насінням,34.90грн/шт,https://src.zakaz.atbmarket.com/cache/photos/1297/catalog_list_1297.jpg
Хлібобулочні вироби,"Хліб 0,6 кг Agrola Особливий нарізаний 1 г",26.30грн/шт,https://src.zakaz.atbmarket.com/cache/photos/1296/catalog_list_1296.jpg
Хлібобулочні вироби,Хліб 400г Агробізнес Фуршетний зерновий різаний,31.60грн/шт,https://src.zakaz.atbmarket.com/cache/photos/1257/catalog_list_1257.jpg
Хлібобулочні вироби,"Хліб 0,5 кг Кристинопіль Хліб Раменський нарізаний",22.50грн/шт,https://src.zakaz.atbmarket.com/cache/photos/1004/catalog_list_1004.jpg
Хлібобулочні вироби,"Сушки 0,42 кг Київхліб Київські",46.40грн/шт,https://src.zakaz.atbmarket.com/cache/photos/978/catalog_list_978.jpg
Хлібобулочні вироби,Сухарі 300г Своя лінія з родзинками,38.30грн/шт,https://src.zakaz.atbmarket.com/cache/photos/977/catalog_list_977.jpg
Хлібобулочні вироби,Хліб 400г Теремно Житнє диво формовий,26.50грн/шт,https://src.zakaz.atbmarket.com/cache/photos/947/catalog_list_947.jpg
Хлібобулочні вироби,Маковик 400г Теремно Домашній,37.70грн/шт,https://src.zakaz.atbmarket.com/cache/photos/911/catalog_list_911.png
Хлібобулочні вироби,"Плетінка 0,5 кг Теремно Українська",34.70грн/шт,https://src.zakaz.atbmarket.com/cache/photos/910/catalog_list_910.png
Хлібобулочні вироби,"Хліб 0,5 кг Кристинопіль Хліб Монастирський нарізаний",21.70грн/шт,https://src.zakaz.atbmarket.com/cache/photos/894/catalog_list_894.jpg
Хлібобулочні вироби,Хлібці 75г Лавка Здоров'я Хрусткі дієтичні Житні,13.50грн/шт,https://src.zakaz.atbmarket.com/cache/photos/844/catalog_list_844.jpg
Хлібобулочні вироби,"Хліб 0,65 кг Agrola Народний",27.60грн/шт,https://src.zakaz.atbmarket.com/cache/photos/829/catalog_list_829.jpg
Хлібобулочні вироби,Хліб 400г Agrola Львів Заварний,32.90грн/шт,https://src.zakaz.atbmarket.com/cache/photos/771/catalog_list_771.jpg
Хлібобулочні вироби,Булочка 300г Agrola Завиток Український з маком,41.90грн/шт,https://src.zakaz.atbmarket.com/cache/photos/770/catalog_list_770.jpg
Хлібобулочні вироби,"Хліб 0,7 кг Agrola Стрілецбкий нарізаний",32.30грн/шт,https://src.zakaz.atbmarket.com/cache/photos/766/catalog_list_766.jpg
Хлібобулочні вироби,Хліб 450г Агробізнес Український заварний,21.50грн/шт,https://src.zakaz.atbmarket.com/cache/photos/500/catalog_list_500.jpg
Хлібобулочні вироби,Багет 300г Французький (К) без/уп ГП,32.90грн/шт,https://www.atbmarket.com/image/none.jpg
Заморожені продукти,Морозиво 90г Лімо Пломбір 1965 юбілейне ескімо в шоколадній глазурі,18.50грн/шт,https://src.zakaz.atbmarket.com/cache/photos/7279/catalog_list_7279.jpg
Заморожені продукти,Морозиво 100г Ласунка Стакан Великан з підварками абрикосова та вишнева,18.50грн/шт,https://src.zakaz.atbmarket.com/cache/photos/7230/catalog_list_7230.jpg
Заморожені продукти,"Пельмені 0,65 кг Три ведмеді Мішутка філейні",91.90грн/шт,https://src.zakaz.atbmarket.com/cache/photos/37703/catalog_list_37703.jpg
Заморожені продукти,"Пельмені 0,65 кг Три Ведмеді Мішутка з м'ясом індички",101.90грн/шт,https://src.zakaz.atbmarket.com/cache/photos/37699/catalog_list_37699.jpg
Заморожені продукти,Пельмені 450г Три Ведмеді Мішутка з телятиною,76.50грн/шт,https://src.zakaz.atbmarket.com/cache/photos/37701/catalog_list_37701.jpg
Заморожені продукти,"Морозиво 0,75 кг Хрещатик пломбір 15% п/ет",129.90грн/шт,https://src.zakaz.atbmarket.com/cache/photos/65953/catalog_list_65953.jpg
Заморожені продукти,Вареники 450 г Три Ведмеді Мішутка з картоплею,37.90грн/шт,https://src.zakaz.atbmarket.com/cache/photos/37707/catalog_list_37707.jpg
Заморожені продукти,Морозиво 140г Київський пломбір з варенням із лохини карт/ст,50.90грн/шт,https://src.zakaz.atbmarket.com/cache/photos/72633/catalog_list_72633.jpg
Заморожені продукти,Малина 250 г Spela заморожена карт/уп,119.90грн/шт,https://src.zakaz.atbmarket.com/cache/photos/76635/catalog_list_76635.jpg
Заморожені продукти,Суміш овочева 400г Своя Лінія «Мексиканська» швидкозаморожена,40.90грн/шт,https://src.zakaz.atbmarket.com/cache/photos/7309/catalog_list_7309.jpg
Заморожені продукти,Хачапурі 300 г Valesto по-аджарськи заморожені,98.90грн/шт,https://src.zakaz.atbmarket.com/cache/photos/76589/catalog_list_76589.jpg
Заморожені продукти,Морозиво 1 кг Лімо классичне біле,171.40грн/шт,https://src.zakaz.atbmarket.com/cache/photos/11846/catalog_list_11846.jpg
Заморожені продукти,Морозиво 70г Ласунка Люба-Буба зі смаком жувальної гумки ріжок п/ет,21.70грн/шт,https://src.zakaz.atbmarket.com/cache/photos/76047/catalog_list_76047.jpg
Заморожені продукти,Суміш ягідна 400г Своя Лінія швидкозаморожена,65.90грн/шт,https://src.zakaz.atbmarket.com/cache/photos/7260/catalog_list_7260.jpg
Заморожені продукти,Круасан 360 г (6х60г) Eesti Pagar швидкозаморожений п/ет,90.90грн/шт,https://src.zakaz.atbmarket.com/cache/photos/75885/catalog_list_75885.jpg
Заморожені продукти,Суміш овочева 450г Своя Лінія для смаження з грибами п/ет,57.90грн/шт,https://src.zakaz.atbmarket.com/cache/photos/60645/catalog_list_60645.png
Заморожені продукти,"Вареники 0,8 кг Три Ведмеді з картоплею п/ет",81.60грн/шт,https://src.zakaz.atbmarket.com/cache/photos/30081/catalog_list_30081.jpg
Заморожені продукти,"Вареники 0,88 кг Рудь ""100%"" з картоплею та вершками п/ет",86.80грн/шт,https://src.zakaz.atbmarket.com/cache/photos/76245/catalog_list_76245.jpg
Заморожені продукти,"Тісто 0,9 кг Своя лінія Листкове",70.90грн/шт,https://src.zakaz.atbmarket.com/cache/photos/54587/catalog_list_54587.png
Заморожені продукти,Вишня 400г Своя Лінія швидкозаморожена,87.90грн/шт,https://src.zakaz.atbmarket.com/cache/photos/7231/catalog_list_7231.jpg
Заморожені продукти,"Пельмені 0,5 кг Легка Страва По-Українськи п/ет",46.50грн/шт,https://src.zakaz.atbmarket.com/cache/photos/31461/catalog_list_31461.jpg
Заморожені продукти,Морозиво 65 г Розумний вибір з наповнювачем Вишня 8%,9.20грн/шт,https://src.zakaz.atbmarket.com/cache/photos/8252/catalog_list_8252.jpg
Заморожені продукти,Морозиво 65 г Розумний вибір з ароматом ванілі 8% ваф/стакан м/уп (Львівський),9.20грн/шт,https://src.zakaz.atbmarket.com/cache/photos/50079/catalog_list_50079.jpg
Заморожені продукти,Хінкалі 1кг Кавказькі Своя лінія,91.90грн/шт,https://src.zakaz.atbmarket.com/cache/photos/20753/catalog_list_20753.jpg
Заморожені продукти,Морозиво 1 кг Розумний вибір з какао п/ет (Ласка),111.70грн/шт,https://src.zakaz.atbmarket.com/cache/photos/35283/catalog_list_35283.jpg
Заморожені продукти,Морозиво 1 кг Розумний вибір з наповнювачем Вишневий (Львівський),111.70грн/шт,https://src.zakaz.atbmarket.com/cache/photos/12761/catalog_list_12761.jpg
Заморожені продукти,Морозиво 75г Розумний вибір Каштан ескімо з комб.складом сировини з какао в конд.глазурі,13.80грн/шт,https://src.zakaz.atbmarket.com/cache/photos/33753/catalog_list_33753.jpg
Заморожені продукти,Морозиво 75г  Розумний вибір Каштан з комбінованим складом сировини в кондитерській глазур,13.80грн/шт,https://src.zakaz.atbmarket.com/cache/photos/33535/catalog_list_33535.jpg
Заморожені продукти,Морозиво 90 г Своя лінія Факел Полуниця ріжок м/уп,27.90грн/шт,https://src.zakaz.atbmarket.com/cache/photos/52671/catalog_list_52671.jpg
Заморожені продукти,Нагетси 500 г Легко!,122.90грн/шт,https://src.zakaz.atbmarket.com/cache/photos/76591/catalog_list_76591.jpg
Заморожені продукти,"Морозиво 0,5 кг Рудь 100% морозиво",133.90грн/шт,https://src.zakaz.atbmarket.com/cache/photos/70213/catalog_list_70213.png
Заморожені продукти,Морозиво 100 г Три Ведмеді Крем-брюле ваф/стак п/ет,26.30грн/шт,https://src.zakaz.atbmarket.com/cache/photos/68735/catalog_list_68735.jpg
Заморожені продукти,"Морозиво 0,5 кг Три Ведмеді Monaco Dessert Tiramisu",202.30грн/шт,https://src.zakaz.atbmarket.com/cache/photos/68699/catalog_list_68699.jpg
Заморожені продукти,"Морозиво 0,5 кг Три Ведмеді Monaco Dessert полуничний чизкейк",202.40грн/шт,https://src.zakaz.atbmarket.com/cache/photos/68697/catalog_list_68697.jpg
Заморожені продукти,"Морозиво 0,5 кг Три Ведмеді Фісташка",188.50грн/шт,https://src.zakaz.atbmarket.com/cache/photos/68687/catalog_list_68687.jpg
Заморожені продукти,Морозиво 140г Київський пломбір карт/ст,70.60грн/шт,https://src.zakaz.atbmarket.com/cache/photos/66229/catalog_list_66229.jpg
Заморожені продукти,Морозиво 70 г Своя лінія Золотий Каштан пломбір  шоколадний  у вершковій глазурі,22.70грн/шт,https://src.zakaz.atbmarket.com/cache/photos/56917/catalog_list_56917.jpg
Заморожені продукти,Морозиво 70 г Своя лінія Пломбір Золотий Каштан пломбір у вершковій глазурі,22.70грн/шт,https://src.zakaz.atbmarket.com/cache/photos/56915/catalog_list_56915.jpg
Заморожені продукти,"Пельмені 0,6 кг Левада Панські з яловичиною та свининою",97.90грн/шт,https://src.zakaz.atbmarket.com/cache/photos/55887/catalog_list_55887.jpg
Заморожені продукти,"Пельмені 0,9 кг Левада З яловичиною та свининою",191.80грн/шт,https://src.zakaz.atbmarket.com/cache/photos/55883/catalog_list_55883.jpg
Заморожені продукти,"Пельмені 0,8 кг Valesto з телятиною та куркою заморожені п/ет",120.40грн/шт,https://src.zakaz.atbmarket.com/cache/photos/54747/catalog_list_54747.jpg
Заморожені продукти,"Тісто 0,9 кг Своя лінія листково-дріжджове",83.40грн/шт,https://src.zakaz.atbmarket.com/cache/photos/54589/catalog_list_54589.png
Заморожені продукти,"Пельмені 0,88 кг Рудь 100% п/ет",121.90грн/шт,https://src.zakaz.atbmarket.com/cache/photos/47481/catalog_list_47481.jpg
Заморожені продукти,Морозиво 75 г  Хрещатик на печиві з какао сендвіч,37.90грн/шт,https://src.zakaz.atbmarket.com/cache/photos/47283/catalog_list_47283.jpg
Заморожені продукти,Морозиво 65 г Розумний вибір з какао 8% ваф/стакан м/уп (Ласка),10.90грн/шт,https://src.zakaz.atbmarket.com/cache/photos/35281/catalog_list_35281.jpg
Заморожені продукти,Тісто 400г Своя лінія витяжне Філло заморожене,42.40грн/шт,https://src.zakaz.atbmarket.com/cache/photos/26551/catalog_list_26551.jpg
Заморожені продукти,Морозиво 65 г Розумний вибір зі згущеним молоком 8% (Львівський),10.90грн/шт,https://src.zakaz.atbmarket.com/cache/photos/11657/catalog_list_11657.jpg
Заморожені продукти,"Котлети 0,5 кг Розумний вибір Курячі",57.90грн/шт,https://src.zakaz.atbmarket.com/cache/photos/8256/catalog_list_8256.jpg
Заморожені продукти,"Морозиво 0,5 кг Laska Maximuse із шоколадною крихтою та шматочками печива",158.90грн/шт,https://src.zakaz.atbmarket.com/cache/photos/7511/catalog_list_7511.jpg
Заморожені продукти,Сумiш овочeва 400г Своя Лiнiя «Італійська» швидкозаморожена,66.90грн/шт,https://src.zakaz.atbmarket.com/cache/photos/7306/catalog_list_7306.jpg
Заморожені продукти,Вареники 440г Геркулес з картоплею та  лісовими грибами,59.20грн/шт,https://src.zakaz.atbmarket.com/cache/photos/7275/catalog_list_7275.jpg
Заморожені продукти,Млинці 370г Своя лінія Французькі з сиром,60.90грн/шт,https://src.zakaz.atbmarket.com/cache/photos/7249/catalog_list_7249.jpg
Заморожені продукти,Млинці 370г Своя лінія Французькі з куркою,57.70грн/шт,https://src.zakaz.atbmarket.com/cache/photos/7248/catalog_list_7248.jpg
Заморожені продукти,Суміш овочева 400г Своя Лінія для смаження WOK швидкозаморожена,66.90грн/шт,https://src.zakaz.atbmarket.com/cache/photos/7233/catalog_list_7233.jpg
Заморожені продукти,Квасоля стрючкова 400г Своя Лінія швидкозаморожена,51.70грн/шт,https://src.zakaz.atbmarket.com/cache/photos/7193/catalog_list_7193.jpg
Заморожені продукти,Морозиво 70г Рудь 100% морозиво,26.50грн/шт,https://src.zakaz.atbmarket.com/cache/photos/7162/catalog_list_7162.jpg
Заморожені продукти,"Морозиво 0,5 кг Мagnat Raspberry Cheesecake зі смаком ""малиновий чизкейк"" пл/лоток",184.60грн/шт,https://src.zakaz.atbmarket.com/cache/photos/87637/catalog_list_87637.jpg
Заморожені продукти,Морозиво 70 г Хрещатик пломбір шоколадний у ваф.стак. п/ет,24.40грн/шт,https://src.zakaz.atbmarket.com/cache/photos/86823/catalog_list_86823.jpg
Заморожені продукти,Морозиво 70 г Хрещатик пломбір у ваф.стак. п/ет,24.40грн/шт,https://src.zakaz.atbmarket.com/cache/photos/86821/catalog_list_86821.jpg
Заморожені продукти,Морозиво 70 г Хрещатик пломбір Крем-Брюле у ваф.стак. п/ет,24.40грн/шт,https://src.zakaz.atbmarket.com/cache/photos/86819/catalog_list_86819.jpg
Заморожені продукти,"Вареники 0,6 кг Геркулес з картоплею та м'ясом п/ет",95.80грн/шт,https://src.zakaz.atbmarket.com/cache/photos/86817/catalog_list_86817.jpg
Заморожені продукти,"Пельмені 0,8 кг Ласунка з яловичиною та свининою п/ет",206.70грн/шт,https://src.zakaz.atbmarket.com/cache/photos/83441/catalog_list_83441.jpg
Заморожені продукти,"Пельмені 0,8 кг Ласунка ""по-домашньому"" п/ет",139.90грн/шт,https://src.zakaz.atbmarket.com/cache/photos/83439/catalog_list_83439.jpg
Заморожені продукти,Нагетси 330 г Ласунка курячі п/ет,95.60грн/шт,https://src.zakaz.atbmarket.com/cache/photos/83437/catalog_list_83437.jpg
Заморожені продукти,"Морозиво 90 г Ласунка пломбір ""Дніпро чарівний"" на печиві з дропсами та родзинками п/ет",42.90грн/шт,https://src.zakaz.atbmarket.com/cache/photos/83435/catalog_list_83435.jpg
Заморожені продукти,"Морозиво 500 г Ласунка зі смаком ""Манго-абрикос"" пл/відро",220.40грн/шт,https://src.zakaz.atbmarket.com/cache/photos/83433/catalog_list_83433.jpg
Заморожені продукти,Млинці 370 г Ласунка з курячим м'ясом та грибами п/ет,79.60грн/шт,https://src.zakaz.atbmarket.com/cache/photos/83431/catalog_list_83431.jpg
Заморожені продукти,"Морозиво 500 г Ласунка зі смаком ""Вишня-малина"" пл/відро",220.40грн/шт,https://src.zakaz.atbmarket.com/cache/photos/83417/catalog_list_83417.jpg
Заморожені продукти,Нагетси 400 г ЇЗІ в паніровці п/ет,103.40грн/шт,https://src.zakaz.atbmarket.com/cache/photos/83415/catalog_list_83415.jpg
Заморожені продукти,Вареники 330 г Ласунка з прісного тіста з вишнею без кісточки п/ет,87.90грн/шт,https://src.zakaz.atbmarket.com/cache/photos/82315/catalog_list_82315.jpg
Заморожені продукти,Млинці 300 г Valesto з манго заморожені пласт/упак,75.50грн/шт,https://src.zakaz.atbmarket.com/cache/photos/80543/catalog_list_80543.jpg
Заморожені продукти,"Пельмені 0,6 кг Мотанка ""Три м'яса"" п/ет",81.60грн/шт,https://src.zakaz.atbmarket.com/cache/photos/80449/catalog_list_80449.jpg
Заморожені продукти,"Піца 400 г Легко ""Гавайська"" п/ет",119.70грн/шт,https://src.zakaz.atbmarket.com/cache/photos/80447/catalog_list_80447.jpg
Заморожені продукти,Вареники 400 г Мотанка з сиром кисломолочним солодкі п/ет,73.50грн/шт,https://src.zakaz.atbmarket.com/cache/photos/80419/catalog_list_80419.jpg
Заморожені продукти,Капуста цвітна 400 г Своя Лiнiя швидкозаморожена п/ет (Авуар),59.80грн/шт,https://src.zakaz.atbmarket.com/cache/photos/80409/catalog_list_80409.jpg
Заморожені продукти,Кукурудза солодка 400 г Своя Лінія швидкозаморожена п/ет,47.50грн/шт,https://src.zakaz.atbmarket.com/cache/photos/80397/catalog_list_80397.jpg
Заморожені продукти,Горошок 400 г Своя Лінія зелений швидкозаморожений п/ет,47.50грн/шт,https://src.zakaz.atbmarket.com/cache/photos/79625/catalog_list_79625.jpg
Заморожені продукти,Картопля фрі 750г Своя Лінія соломка швидкозаморожена п/ет,109.90грн/шт,https://src.zakaz.atbmarket.com/cache/photos/79585/catalog_list_79585.jpg
Заморожені продукти,Равлик з корицею (булочка) 320 г (8х40г) Eesti Pagar швидкозаморожений п/ет,103.40грн/шт,https://src.zakaz.atbmarket.com/cache/photos/75887/catalog_list_75887.jpg
Заморожені продукти,Суміш овочева 400 г BAUER для смаження Східні овочі швидкозаморожена п/eт,67.20грн/шт,https://src.zakaz.atbmarket.com/cache/photos/75877/catalog_list_75877.jpg
Заморожені продукти,Суміш овочева 400 г Розумний Вибір Овочі для яєчні швидкозаморожена п/eт,47.50грн/шт,https://src.zakaz.atbmarket.com/cache/photos/75875/catalog_list_75875.jpg
Заморожені продукти,Морозиво 150 г Три Ведмеді Love&Berries двошарове ваф. ріж. п/ет,58.60грн/шт,https://src.zakaz.atbmarket.com/cache/photos/72469/catalog_list_72469.jpg
Заморожені продукти,"Морозиво 100 г Три Ведмеді ""Monaco"" ""Чорничний чізкейк"" двошарове ваф/ріжок м/уп",49.70грн/шт,https://src.zakaz.atbmarket.com/cache/photos/68781/catalog_list_68781.jpg
Заморожені продукти,Морозиво 450 г Три Ведмеді Vanilla&Caramel двошарове пласт/лоток,161.80грн/шт,https://src.zakaz.atbmarket.com/cache/photos/68763/catalog_list_68763.jpg
Заморожені продукти,"Нагетси 300г Легко! ""Мініки"" п/ет",87.50грн/шт,https://src.zakaz.atbmarket.com/cache/photos/66431/catalog_list_66431.jpg
Заморожені продукти,Морозиво 80г Київський пломбір без цукру в глазурі ескімо м/уп,51.90грн/шт,https://src.zakaz.atbmarket.com/cache/photos/66235/catalog_list_66235.jpg
Заморожені продукти,"Морозиво 80 г Рудь мультипак ""Mochi"" зі смаком пломбір-полуниця 2*40 г п/ет",55.60грн/шт,https://src.zakaz.atbmarket.com/cache/photos/65163/catalog_list_65163.jpg
Заморожені продукти,"Морозиво 115 г Laska зі смаком ""груша-дорблю"" пл/стак",36.90грн/шт,https://src.zakaz.atbmarket.com/cache/photos/64503/catalog_list_64503.jpg
Заморожені продукти,"Морозиво 70 г Лімо ""КАШТАН ЗІ ЛЬВОВА"" ескімо з шоколадним смаком в конд. глазурі п/ет",27.90грн/шт,https://src.zakaz.atbmarket.com/cache/photos/64131/catalog_list_64131.jpg
Заморожені продукти,"Пельмені 0,888 кг Біла Береза  з яловичиною та свининою п/ет",228.50грн/шт,https://src.zakaz.atbmarket.com/cache/photos/60527/catalog_list_60527.png
Заморожені продукти,"Морозиво 0,777 кг Біла Береза пломбір п/ет",238.50грн/шт,https://src.zakaz.atbmarket.com/cache/photos/60479/catalog_list_60479.png
Заморожені продукти,"Хінкалі 0,6 кг Левада ""Генацвалі"" п/ет",76.50грн/шт,https://src.zakaz.atbmarket.com/cache/photos/54703/catalog_list_54703.jpg
Заморожені продукти,Пельмені 700 г Три Ведмеді з куркою п/ет,127.30грн/шт,https://src.zakaz.atbmarket.com/cache/photos/54655/catalog_list_54655.png
Заморожені продукти,"Пельмені 0,9 кг Своя лінія зі свининою та яловичиною",120.70грн/шт,https://src.zakaz.atbmarket.com/cache/photos/54597/catalog_list_54597.png
Заморожені продукти,"Вареники 0,9 кг Своя лінія з картоплею та грибами заморожені",66.90грн/шт,https://src.zakaz.atbmarket.com/cache/photos/54577/catalog_list_54577.png
Заморожені продукти,"Вареники 0,9 кг Своя лінія з картоплею заморожені",62.90грн/шт,https://src.zakaz.atbmarket.com/cache/photos/54575/catalog_list_54575.png
Заморожені продукти,Морозиво 80 г OREO сендвіч м/уп,90.90грн/шт,https://src.zakaz.atbmarket.com/cache/photos/54077/catalog_list_54077.jpg
Заморожені продукти,Морозиво 90 г Своя лінія Факел з какао зі згущеним молоком ріжок м/уп,28.90грн/шт,https://src.zakaz.atbmarket.com/cache/photos/52669/catalog_list_52669.jpg
Заморожені продукти,Морозиво 75 г  Хладик Каштан Полуничний в білій кондитерскій глазурі,37.40грн/шт,https://src.zakaz.atbmarket.com/cache/photos/47307/catalog_list_47307.jpg
Заморожені продукти,Морозиво 75 г  Хладик Каштан Солона карамель в  кондитерскій глазурі,37.40грн/шт,https://src.zakaz.atbmarket.com/cache/photos/47305/catalog_list_47305.jpg
Заморожені продукти,Морозиво 110 г Ласунка ескімо Лев Deluxe пломбір з вишневою підваркою у глазурі,50.90грн/шт,https://src.zakaz.atbmarket.com/cache/photos/47257/catalog_list_47257.jpg
Заморожені продукти,Морозиво 75 г Лімо пломбір 1965 ваф/стак п/ет,28.50грн/шт,https://src.zakaz.atbmarket.com/cache/photos/45399/catalog_list_45399.jpg
Заморожені продукти,Морозиво 100г Своя лінія Великий Стакан з підварками ківі та манго,26.80грн/шт,https://src.zakaz.atbmarket.com/cache/photos/40481/catalog_list_40481.jpg
Заморожені продукти,Морозиво 85г Своя лінія Пломбір Великий Стакан,27.90грн/шт,https://src.zakaz.atbmarket.com/cache/photos/40479/catalog_list_40479.jpg
Заморожені продукти,"Морозиво 0,5 кг Рудь Чорниця-ожина п/ет",136.20грн/шт,https://src.zakaz.atbmarket.com/cache/photos/39177/catalog_list_39177.jpg
Заморожені продукти,"Пельмені 0,85кг Три Ведмеді Фірмові зі свининою та яловичиною",207.80грн/шт,https://src.zakaz.atbmarket.com/cache/photos/37705/catalog_list_37705.jpg
Заморожені продукти,Морозиво 1 кг Розумний вибір з наповнювачем Варене згущене молоко п/ет(Ласка),130.40грн/шт,https://src.zakaz.atbmarket.com/cache/photos/35285/catalog_list_35285.jpg
Заморожені продукти,Морозиво 100  г Oliver Smith Лакомий пломбір у збитій кондитерській глазурі,37.90грн/шт,https://src.zakaz.atbmarket.com/cache/photos/31653/catalog_list_31653.jpg
Заморожені продукти,"Вареники 0,8 кг Три Ведмеді з картоплею та грибами м/уп",114.80грн/шт,https://src.zakaz.atbmarket.com/cache/photos/30079/catalog_list_30079.jpg
Заморожені продукти,Морозиво 155 г Ласунка Гран-Прі з какао та соусом какао ріжок м/уп,56.80грн/шт,https://src.zakaz.atbmarket.com/cache/photos/28075/catalog_list_28075.jpg
Заморожені продукти,Морозиво 70г Лімо ЛЬВІВСЬКЕ ескімо в конд. глаз. п/ет,27.90грн/шт,https://src.zakaz.atbmarket.com/cache/photos/26215/catalog_list_26215.jpg
Заморожені продукти,Піца 320г Passionata прошуто швидкозаморожена,139.60грн/шт,https://src.zakaz.atbmarket.com/cache/photos/14480/catalog_list_14480.jpg
Заморожені продукти,Морозиво 1 кг Розумний вибір з ароматом ванілі(Львівський),130.40грн/шт,https://src.zakaz.atbmarket.com/cache/photos/12762/catalog_list_12762.jpg
Заморожені продукти,"Пельмені 0,8 кг  Розумний вибір курячі",91.90грн/шт,https://src.zakaz.atbmarket.com/cache/photos/8312/catalog_list_8312.jpg
Заморожені продукти,Вареники 400 г Геркулес з капустою,62.90грн/шт,https://src.zakaz.atbmarket.com/cache/photos/7504/catalog_list_7504.jpg
Заморожені продукти,Морозиво 85 г Ласунка Стоп-наркотик ескімо крем-брюле з маком у глазурі,39.90грн/шт,https://src.zakaz.atbmarket.com/cache/photos/7500/catalog_list_7500.jpg
Заморожені продукти,Паелья 400г De Luxe Foods & Goods Selected з морепродуктами швидкозаморожена,118.90грн/шт,https://src.zakaz.atbmarket.com/cache/photos/7312/catalog_list_7312.jpg
Заморожені продукти,Шпінат 300г Своя Лінія подрібнений швидкозаморожений,42.40грн/шт,https://src.zakaz.atbmarket.com/cache/photos/7261/catalog_list_7261.jpg
Заморожені продукти,"Пельмені 0,8 кг Левада Фірмові з яловичиною",175.70грн/шт,https://src.zakaz.atbmarket.com/cache/photos/7259/catalog_list_7259.jpg
Заморожені продукти,Суміш овочева 400г Своя Лінія Гавайська швидкозаморожена,61.90грн/шт,https://src.zakaz.atbmarket.com/cache/photos/7232/catalog_list_7232.jpg
Ковбаса і м'ясні делікатеси,Ковбаса 300 г Ковбасний ряд/Розумний вибір Куряча вар,27.90грн/шт,https://src.zakaz.atbmarket.com/cache/photos/19853/catalog_list_19853.jpg
Ковбаса і м'ясні делікатеси,Ковбаса М'ясна лавка/Своя лінія Губернаторська с/в,291.99грн/кг,https://src.zakaz.atbmarket.com/cache/photos/1385/catalog_list_1385.jpg
Ковбаса і м'ясні делікатеси,Сосиски 330г М'ясна лавка/Своя лінія Докторські Фірмові,47.90грн/шт,https://src.zakaz.atbmarket.com/cache/photos/1399/catalog_list_1399.jpg
Ковбаса і м'ясні делікатеси,Сардельки Добров Шинкові,244.49грн/кг,https://src.zakaz.atbmarket.com/cache/photos/20505/catalog_list_20505.jpg
Ковбаса і м'ясні делікатеси,Ковбаса 400 г М'ясна лавка/Своя лінія Тигреня вар,71.90грн/шт,https://src.zakaz.atbmarket.com/cache/photos/12313/catalog_list_12313.jpg
Ковбаса і м'ясні делікатеси,Філе Своя лінія куряче,222.99грн/кг,https://src.zakaz.atbmarket.com/cache/photos/9404/catalog_list_9404.jpg
Ковбаса і м'ясні делікатеси,Ковбаски 300 г М'ясна лавка/Своя лінія Докторські Фірмові Для Хот-догу н/к газ/упак,75.70грн/шт,https://src.zakaz.atbmarket.com/cache/photos/87435/catalog_list_87435.jpg
Ковбаса і м'ясні делікатеси,Ковбаски 300 г М'ясна лавка/Своя лінія Докторські Фірмові До хот-догу вар газ/упак,57.60грн/шт,https://src.zakaz.atbmarket.com/cache/photos/87427/catalog_list_87427.jpg
Ковбаса і м'ясні делікатеси,Вирoби фаршеві 450 г Ковбасний ряд/Розумний вибір Ніжні,34.90грн/шт,https://src.zakaz.atbmarket.com/cache/photos/19517/catalog_list_19517.jpg
Ковбаса і м'ясні делікатеси,"Шинка 0,5 кг М'ясна лавка/Своя лінія Київська свиняча",124.90грн/шт,https://src.zakaz.atbmarket.com/cache/photos/1401/catalog_list_1401.jpg
Ковбаса і м'ясні делікатеси,Ковбаса М'ясна лавка/Своя лінія  Салямі мускатна н/к,296.79грн/кг,https://src.zakaz.atbmarket.com/cache/photos/3076/catalog_list_3076.jpg
Ковбаса і м'ясні делікатеси,Виріб м'ясомісткий 420 г Ковбасний ряд/Розумний вибір Гурман з сиром,70.60грн/шт,https://src.zakaz.atbmarket.com/cache/photos/72879/catalog_list_72879.jpg
Ковбаса і м'ясні делікатеси,"Сосиски 0,82 кг Своя лiнiя Докторськi фiрмовi вaр гaз/упaк",138.90грн/шт,https://src.zakaz.atbmarket.com/cache/photos/39039/catalog_list_39039.jpg
Ковбаса і м'ясні делікатеси,Паштет 125 г Ковбасний ряд/Розумний вибір Екстра,12.70грн/шт,https://src.zakaz.atbmarket.com/cache/photos/87613/catalog_list_87613.jpg
Ковбаса і м'ясні делікатеси,Виріб фаршевий 420 г Ковбасний ряд/Розумний вибір Ново-Миргородська,52.60грн/шт,https://src.zakaz.atbmarket.com/cache/photos/8350/catalog_list_8350.jpg
Ковбаса і м'ясні делікатеси,"Ковбаса 0,55 кг М'ясна лавка/Своя лінія Лікарська ДСТУ вар вектор",113.30грн/шт,https://src.zakaz.atbmarket.com/cache/photos/85677/catalog_list_85677.jpg
Ковбаса і м'ясні делікатеси,Сосиски 450г М'ясна лавка До пюрешки,86.30грн/шт,https://src.zakaz.atbmarket.com/cache/photos/87459/catalog_list_87459.jpg
Ковбаса і м'ясні делікатеси,Ковбаса 150г Сosta Brava Фует екстра сиров’ялена,87.90грн/шт,https://src.zakaz.atbmarket.com/cache/photos/6594/catalog_list_6594.jpg
Ковбаса і м'ясні делікатеси,Вироби м'ясомісткі Ковбасний ряд/Розумний вибір Домашні з сиром,141.69грн/кг,https://src.zakaz.atbmarket.com/cache/photos/9444/catalog_list_9444.jpg
Ковбаса і м'ясні делікатеси,Ковбаски 120 г Maestro Кабанос зі свинини,69.90грн/шт,https://src.zakaz.atbmarket.com/cache/photos/48107/catalog_list_48107.jpg
Ковбаса і м'ясні делікатеси,Сосиски Добров Ласунка з вершками,321.99грн/кг,https://src.zakaz.atbmarket.com/cache/photos/921/catalog_list_921.jpg
Ковбаса і м'ясні делікатеси,"Ковбаса 80г EL MEDOSO Сальчичон Кулар Екстра сиров’ялена нарізана, газ/упак",62.50грн/шт,https://src.zakaz.atbmarket.com/cache/photos/83269/catalog_list_83269.jpg
Ковбаса і м'ясні делікатеси,"Ковбаса 80г Costa Brava Сальчічон Екстра сиров'ялена, нарізана, газ/упак",62.50грн/шт,https://src.zakaz.atbmarket.com/cache/photos/60643/catalog_list_60643.png
Ковбаса і м'ясні делікатеси,Грудинка Своя лінія Особлива,390.29грн/кг,https://src.zakaz.atbmarket.com/cache/photos/654/catalog_list_654.jpg
Ковбаса і м'ясні делікатеси,"Рулет 0,5 кг М'ясна лавка/Своя лінія курячий з сиром шинка варена вак/упак",120.40грн/шт,https://src.zakaz.atbmarket.com/cache/photos/85681/catalog_list_85681.jpg
Ковбаса і м'ясні делікатеси,Ковбаса М'ясна лавка/Своя лінія Тернопільська с/в,404.49грн/кг,https://src.zakaz.atbmarket.com/cache/photos/1400/catalog_list_1400.jpg
Ковбаса і м'ясні делікатеси,Шинка 100 г М'ясна лавка Асорті нарізка,32.20грн/шт,https://src.zakaz.atbmarket.com/cache/photos/87445/catalog_list_87445.jpg
Ковбаса і м'ясні делікатеси,Кабаноси з м'яса птиці 90 г Дмитрук з сиром CHEDDAR в/к газ/упак,62.40грн/шт,https://src.zakaz.atbmarket.com/cache/photos/68899/catalog_list_68899.jpg
Ковбаса і м'ясні делікатеси,Чипси курячі 50 г Бащинский DRY CHICKEN,58.50грн/шт,https://src.zakaz.atbmarket.com/cache/photos/57259/catalog_list_57259.png
Ковбаса і м'ясні делікатеси,Ковбаса 80 г Добров Салямі Преміум н/к нарізка,31.90грн/шт,https://src.zakaz.atbmarket.com/cache/photos/2080/catalog_list_2080.jpg
Ковбаса і м'ясні делікатеси,Грудинка 120 г Добров Особлива к/в нарізка вак/упак,51.80грн/шт,https://src.zakaz.atbmarket.com/cache/photos/28123/catalog_list_28123.jpg
Ковбаса і м'ясні делікатеси,Ковбаса 80 г Добров Венеція с/в нарізка,45.70грн/шт,https://src.zakaz.atbmarket.com/cache/photos/3424/catalog_list_3424.jpg
Ковбаса і м'ясні делікатеси,Ковбаса 80 г Добров Брауншвейгська нарізка с/к,50.60грн/шт,https://src.zakaz.atbmarket.com/cache/photos/408/catalog_list_408.jpg
Ковбаса і м'ясні делікатеси,Ковбаса Добров Брауншвейгська с/к,576.49грн/кг,https://src.zakaz.atbmarket.com/cache/photos/245/catalog_list_245.png
Ковбаса і м'ясні делікатеси,Ковбаса Добров Любительська ДСТУ вар,314.59грн/кг,https://src.zakaz.atbmarket.com/cache/photos/55885/catalog_list_55885.png
Ковбаса і м'ясні делікатеси,Ковбаса Добров Тірольська н/к,412.79грн/кг,https://src.zakaz.atbmarket.com/cache/photos/1027/catalog_list_1027.jpg
Ковбаса і м'ясні делікатеси,Курка Своя лінія,180.39грн/кг,https://src.zakaz.atbmarket.com/cache/photos/73675/catalog_list_73675.jpg
Ковбаса і м'ясні делікатеси,Ковбаски 140 г Добров Мюнхенські с/к,75.80грн/шт,https://src.zakaz.atbmarket.com/cache/photos/4329/catalog_list_4329.jpg
Ковбаса і м'ясні делікатеси,"Виріб м'ясомісткий 0,5 кг Ковбасний ряд/Розумний вибір Аитна",45.80грн/шт,https://src.zakaz.atbmarket.com/cache/photos/87611/catalog_list_87611.jpg
Ковбаса і м'ясні делікатеси,Ковбаса 420 г М'ясна лавка/Своя лінія Губернська н/к,118.20грн/шт,https://src.zakaz.atbmarket.com/cache/photos/87453/catalog_list_87453.jpg
Ковбаса і м'ясні делікатеси,Сосиски 300г М'ясна лавка/Своя лінія Тигреня,76.70грн/шт,https://src.zakaz.atbmarket.com/cache/photos/87451/catalog_list_87451.jpg
Ковбаса і м'ясні делікатеси,Паштет 125г Своя лінія Печінковий,19.50грн/шт,https://src.zakaz.atbmarket.com/cache/photos/85663/catalog_list_85663.jpg
Ковбаса і м'ясні делікатеси,Ковбaсa 80 г М'яснa лaвкa/Своя лінія Фірмова нapізкa с/к вaк/yпaк,34.50грн/шт,https://src.zakaz.atbmarket.com/cache/photos/53671/catalog_list_53671.jpg
Ковбаса і м'ясні делікатеси,Вуха по-царськи 165 гр Глобино к/в газ/упак,45.60грн/шт,https://src.zakaz.atbmarket.com/cache/photos/47533/catalog_list_47533.jpg
Ковбаса і м'ясні делікатеси,"Сосиски 215 г Indykpol індичі класичні, копчені, приготовлені на пару газ/упак",51.50грн/шт,https://src.zakaz.atbmarket.com/cache/photos/36169/catalog_list_36169.jpg
Ковбаса і м'ясні делікатеси,Бекон по-американськи 120 г Добров с/к вак/упак,71.90грн/шт,https://src.zakaz.atbmarket.com/cache/photos/35387/catalog_list_35387.jpg
Ковбаса і м'ясні делікатеси,"Нарізка асорті 180г Глобино Брауншвейгська, Папероні, Балик Дарницький, вак/упак",144.90грн/шт,https://src.zakaz.atbmarket.com/cache/photos/32733/catalog_list_32733.jpg
Ковбаса і м'ясні делікатеси,Ковбаса 80 г Добров Українська та Сервелат нарізка с/к вак/упак,57.90грн/шт,https://src.zakaz.atbmarket.com/cache/photos/28191/catalog_list_28191.jpg
Ковбаса і м'ясні делікатеси,"Балик 80 г Добров Дарницький, нарізка",61.60грн/шт,https://src.zakaz.atbmarket.com/cache/photos/20487/catalog_list_20487.jpg
Ковбаса і м'ясні делікатеси,М`ясні слайси 50 г Глобино зі свинини,44.80грн/шт,https://src.zakaz.atbmarket.com/cache/photos/8452/catalog_list_8452.jpg
Ковбаса і м'ясні делікатеси,Сосиски 350г М’ясна лавка/Своя лінія Докторські фірмові міні,78.40грн/шт,https://src.zakaz.atbmarket.com/cache/photos/4618/catalog_list_4618.jpg
Ковбаса і м'ясні делікатеси,Сосиски 330г М'ясна лавка/Своя лінія З сиром,79.20грн/шт,https://src.zakaz.atbmarket.com/cache/photos/4225/catalog_list_4225.jpg
Ковбаса і м'ясні делікатеси,Ковбаса 80 г М'ясна лавка/Своя лінія Золотиста нарізка с/в,39.30грн/шт,https://src.zakaz.atbmarket.com/cache/photos/4222/catalog_list_4222.jpg
Ковбаса і м'ясні делікатеси,"Шинка 0,5кг Добров Рулет курячий",177.30грн/шт,https://src.zakaz.atbmarket.com/cache/photos/2645/catalog_list_2645.jpg
Ковбаса і м'ясні делікатеси,"Ковбаса 0,5 кг Добров Лікарська вар",172.60грн/шт,https://src.zakaz.atbmarket.com/cache/photos/2143/catalog_list_2143.png
Ковбаса і м'ясні делікатеси,"Ковбаса 0,5 кг М'ясна лавка До пюрешки вар",110.30грн/шт,https://src.zakaz.atbmarket.com/cache/photos/1186/catalog_list_1186.png
Ковбаса і м'ясні делікатеси,Сосиски 300 г М'ясна лавка/Своя лінія Рум'яні кусняшки,78.40грн/шт,https://src.zakaz.atbmarket.com/cache/photos/87457/catalog_list_87457.jpg
Ковбаса і м'ясні делікатеси,Четвертина куряча Своя лінія к/в вак/упак,204.99грн/кг,https://src.zakaz.atbmarket.com/cache/photos/87455/catalog_list_87455.jpg
Ковбаса і м'ясні делікатеси,Ковбаса Добров Салямі італійська в/к,495.99грн/кг,https://src.zakaz.atbmarket.com/cache/photos/87447/catalog_list_87447.jpg
Ковбаса і м'ясні делікатеси,Ковбаса М'ясна лавка/Своя лінія Золотиста с/в,509.49грн/кг,https://src.zakaz.atbmarket.com/cache/photos/87443/catalog_list_87443.jpg
Ковбаса і м'ясні делікатеси,Ковбaсa М'яснa лaвкa/Своя лінія Родинна вap п/aмід,184.99грн/кг,https://src.zakaz.atbmarket.com/cache/photos/87441/catalog_list_87441.jpg
Ковбаса і м'ясні делікатеси,Сардельки М'ясна лавка/Своя лінія З сиром,288.49грн/кг,https://src.zakaz.atbmarket.com/cache/photos/87439/catalog_list_87439.jpg
Ковбаса і м'ясні делікатеси,Ковбаса М'ясна лавка/Своя Лінія Паппероні с/к вак/упак,465.55грн/кг,https://src.zakaz.atbmarket.com/cache/photos/87429/catalog_list_87429.jpg
Ковбаса і м'ясні делікатеси,"Ковбаса 0,5 кг М'ясна лавка/Своя лінія Баликова н/к",135.90грн/шт,https://src.zakaz.atbmarket.com/cache/photos/85675/catalog_list_85675.jpg
Ковбаса і м'ясні делікатеси,"Ковбаса 0,55 кг М'ясна лавка/Своя лінія Молочна ДСТУ вар вектор",135.90грн/шт,https://src.zakaz.atbmarket.com/cache/photos/85667/catalog_list_85667.jpg
Ковбаса і м'ясні делікатеси,Паштет 125 г М'ясна лавка/Своя лінія Домашній з грудинкою,18.30грн/шт,https://src.zakaz.atbmarket.com/cache/photos/85665/catalog_list_85665.jpg
Ковбаса і м'ясні делікатеси,Виріб фаршевий 420 г Ковбасний ряд/Розумний вибір Баварський н/к вак/упак,89.90грн/шт,https://src.zakaz.atbmarket.com/cache/photos/79871/catalog_list_79871.jpg
Ковбаса і м'ясні делікатеси,Сapдeльки М'яснa лaвкa/Своя лінія До макарошків гaз/yпaк,208.99грн/кг,https://src.zakaz.atbmarket.com/cache/photos/79861/catalog_list_79861.jpg
Ковбаса і м'ясні делікатеси,Сардельки Своя лінія Сарделіні,235.99грн/кг,https://src.zakaz.atbmarket.com/cache/photos/73643/catalog_list_73643.jpg
Ковбаса і м'ясні делікатеси,"Ковбaсa 0,5 кг М'яснa лaвкa/Своя лінія До макарошків вap п/aмід",89.70грн/шт,https://src.zakaz.atbmarket.com/cache/photos/71255/catalog_list_71255.png
Ковбаса і м'ясні делікатеси,Сосиски 330 г М'яcнa лaвкa/Своя лінія До макарошків вap вак/yпaк,64.90грн/шт,https://src.zakaz.atbmarket.com/cache/photos/70231/catalog_list_70231.jpg
Ковбаса і м'ясні делікатеси,Кабаноси зі свинини 90 г Дмитрук CLASSIC в/к газ/упак,68.90грн/шт,https://src.zakaz.atbmarket.com/cache/photos/68901/catalog_list_68901.jpg
Ковбаса і м'ясні делікатеси,"Ковбаса 150 г Costa Brava фует екстра з іберійською свининою, газ/упак",126.90грн/шт,https://src.zakaz.atbmarket.com/cache/photos/60577/catalog_list_60577.png
Ковбаса і м'ясні делікатеси,"Хамон 80г Costa Brava Серрано нарізаний, газ/упак",90.90грн/шт,https://src.zakaz.atbmarket.com/cache/photos/59463/catalog_list_59463.jpg
Ковбаса і м'ясні делікатеси,Чипси кypячі 80 г Бащинський Барбекю с/в гaз/yпaк,97.30грн/шт,https://src.zakaz.atbmarket.com/cache/photos/59167/catalog_list_59167.png
Ковбаса і м'ясні делікатеси,Ковбaсa М'яснa лaвкa/Своя лінія Салямі Фірмова с/к вaк/yпaк,386.99грн/кг,https://src.zakaz.atbmarket.com/cache/photos/53675/catalog_list_53675.png
Ковбаса і м'ясні делікатеси,Сосиски 350 г М'ясна лавка/Своя лінія Докторські фірмові міні з сиром вар газ/упак,86.90грн/шт,https://src.zakaz.atbmarket.com/cache/photos/51253/catalog_list_51253.jpg
Ковбаса і м'ясні делікатеси,Сардельки Добров Елітні вар газ/упак,327.99грн/кг,https://src.zakaz.atbmarket.com/cache/photos/37371/catalog_list_37371.jpg
Ковбаса і м'ясні делікатеси,Ковбаса Добров Варшавська н/к вак/упак,472.59грн/кг,https://src.zakaz.atbmarket.com/cache/photos/37369/catalog_list_37369.jpg
Ковбаса і м'ясні делікатеси,Ковбаса Добров Делікатесна в/к вак/упак,476.29грн/кг,https://src.zakaz.atbmarket.com/cache/photos/37365/catalog_list_37365.jpg
Ковбаса і м'ясні делікатеси,Сардельки Добров Женевські з сиром Емменталь вар вак/упак,335.99грн/кг,https://src.zakaz.atbmarket.com/cache/photos/33843/catalog_list_33843.jpg
Ковбаса і м'ясні делікатеси,Бастурма Глобино із яловичини с/в вак/упак,790.99грн/кг,https://src.zakaz.atbmarket.com/cache/photos/31597/catalog_list_31597.jpg
Ковбаса і м'ясні делікатеси,Ковбаса Добров УКРАЇНСЬКА в/к,591.49грн/кг,https://src.zakaz.atbmarket.com/cache/photos/28127/catalog_list_28127.jpg
Ковбаса і м'ясні делікатеси,Вироби фаршеві 330 г Ковбасний ряд/Розумний вибір Ранкові вар вак/упак,43.40грн/шт,https://src.zakaz.atbmarket.com/cache/photos/28121/catalog_list_28121.jpg
Ковбаса і м'ясні делікатеси,Балик Своя лінія Святковий,404.99грн/кг,https://src.zakaz.atbmarket.com/cache/photos/26457/catalog_list_26457.jpg
Ковбаса і м'ясні делікатеси,Ковбаса 280 г Добров Сервелат в/к,166.90грн/шт,https://src.zakaz.atbmarket.com/cache/photos/20971/catalog_list_20971.jpg
Ковбаса і м'ясні делікатеси,Рулет Своя лінія курячий,313.99грн/кг,https://src.zakaz.atbmarket.com/cache/photos/20787/catalog_list_20787.jpg
Ковбаса і м'ясні делікатеси,Крильця Своя лінія курячі,223.65грн/кг,https://src.zakaz.atbmarket.com/cache/photos/20785/catalog_list_20785.jpg
Ковбаса і м'ясні делікатеси,Ковбаса 400г Ковбасний ряд/Розумний вибір Печінкова ліверна,57.80грн/шт,https://src.zakaz.atbmarket.com/cache/photos/10867/catalog_list_10867.jpg
Ковбаса і м'ясні делікатеси,Виріб м'ясомісткий 420г Ковбасний ряд/Розумний вибір Часникова,71.40грн/шт,https://src.zakaz.atbmarket.com/cache/photos/9445/catalog_list_9445.jpg
Ковбаса і м'ясні делікатеси,Вироби фаршевий 450 г Ковбасний ряд/Розумний вибір Хот-дог,69.60грн/шт,https://src.zakaz.atbmarket.com/cache/photos/8349/catalog_list_8349.jpg
Ковбаса і м'ясні делікатеси,Ковбаса Добров Феліно с/в,760.49грн/кг,https://src.zakaz.atbmarket.com/cache/photos/4324/catalog_list_4324.jpg
Ковбаса і м'ясні делікатеси,Ковбаса Добров Салямі Фует с/в,682.49грн/кг,https://src.zakaz.atbmarket.com/cache/photos/2131/catalog_list_2131.jpg
Ковбаса і м'ясні делікатеси,Сардельки Добров Ліонські,279.65грн/кг,https://src.zakaz.atbmarket.com/cache/photos/2125/catalog_list_2125.png
Ковбаса і м'ясні делікатеси,"Ковбаса 0,5 кг Добров Шинко-рубана вар",206.80грн/шт,https://src.zakaz.atbmarket.com/cache/photos/2046/catalog_list_2046.png
Ковбаса і м'ясні делікатеси,Сосиски 330г М'ясна лавка/Своя лінія Дитячі,93.40грн/шт,https://src.zakaz.atbmarket.com/cache/photos/1397/catalog_list_1397.jpg
Ковбаса і м'ясні делікатеси,Ковбаса М'ясна лавка/Своя лінія Краківська н/к,421.95грн/кг,https://src.zakaz.atbmarket.com/cache/photos/1390/catalog_list_1390.jpg
Ковбаса і м'ясні делікатеси,Ковбаса М'ясна лавка/Своя лінія Єврейська с/в,580.49грн/кг,https://src.zakaz.atbmarket.com/cache/photos/1387/catalog_list_1387.jpg
Ковбаса і м'ясні делікатеси,Ковбаса 400 г М'ясна лавка/Своя лінія Вершкова вар,107.50грн/шт,https://src.zakaz.atbmarket.com/cache/photos/1384/catalog_list_1384.jpg
Ковбаса і м'ясні делікатеси,Ковбаса 400 г М'ясна лавка/Своя лінія Австрійська к/з,146.30грн/шт,https://src.zakaz.atbmarket.com/cache/photos/1382/catalog_list_1382.jpg
Ковбаса і м'ясні делікатеси,Ковбаса 420 г Своя лінія Салямі Фінська н/к,141.40грн/шт,https://src.zakaz.atbmarket.com/cache/photos/975/catalog_list_975.jpg
Ковбаса і м'ясні делікатеси,Сардельки Своя лінія Австрійські,274.39грн/кг,https://src.zakaz.atbmarket.com/cache/photos/703/catalog_list_703.jpg
Ковбаса і м'ясні делікатеси,Ковбаса 80 г Добров Сервелат с/к нарізка,52.50грн/шт,https://src.zakaz.atbmarket.com/cache/photos/688/catalog_list_688.jpg
Ковбаса і м'ясні делікатеси,Ковбаса Добров Сервелат с/к,655.99грн/кг,https://src.zakaz.atbmarket.com/cache/photos/431/catalog_list_431.png
Ковбаса і м'ясні делікатеси,Сосиски 330г Добров Молочні,104.60грн/шт,https://src.zakaz.atbmarket.com/cache/photos/409/catalog_list_409.jpg
Ковбаса і м'ясні делікатеси,Ковбаса 320 г Добров Дрогобицька н/к,161.90грн/шт,https://src.zakaz.atbmarket.com/cache/photos/375/catalog_list_375.png
Ковбаса і м'ясні делікатеси,Ковбаса Добров Лікарська ДСТУ вар,345.99грн/кг,https://src.zakaz.atbmarket.com/cache/photos/347/catalog_list_347.jpg
